{"descriptor":"world_data_chunk","total_size":[16,16],"height_map":[0,0.2976018190383911,0.5952036380767822,2.0980472564697266,1.1904072761535645,-1.3505351543426514,4.195385456085205,7.4588470458984375,2.380814552307129,-6.370454788208008,-2.7017195224761963,-0.12655854225158691,8.390658378601074,13.094643592834473,14.917659759521484,10.359209060668945,-12.349228858947754,-10.618815422058105,-5.003417015075684,1.5275537967681885,3.595102548599243,3.614133596420288,4.52474308013916,6.758730411529541,4.672121524810791,2.0767924785614014,-6.205770969390869,-8.016572952270508,6.24697732925415,5.372726917266846,7.493574142456055,7.916760444641113,-14.0531005859375,-12.726603507995605,-11.017010688781738,-4.405145168304443,-1.4289991855621338,4.255819797515869,8.501495361328125,9.578789710998535,8.491415023803711,6.6939215660095215,4.221840858459473,-2.0704526901245117,2.495806932449341,7.932587146759033,4.811172008514404,2.043285846710205,-13.112283706665039,-5.346867561340332,-6.857833385467529,-7.529591083526611,-7.954061985015869,-3.4266555309295654,2.5773417949676514,13.156488418579102,7.427642822265625,14.691542625427246,15.545258522033691,6.0855607986450195,10.786298751831055,13.785305976867676,3.756284236907959,-3.836050510406494,-8.520783424377441,-1.2615420818328857,-7.2249226570129395,-10.103496551513672,-6.739363670349121,0.4888683557510376,1.6329455375671387,2.6095099449157715,1.4123622179031372,8.57638931274414,6.407921314239502,-0.2842090427875519,9.504453659057617,13.88965892791748,8.067631721496582,8.057823181152344,-10.951591491699219,-3.5586254596710205,-4.759182929992676,-6.433480739593506,-1.0203516483306885,-0.494345486164093,-1.2060366868972778,-5.15174674987793,-10.65239429473877,-7.863001823425293,-1.065534234046936,-8.650313377380371,4.350556373596191,8.643746376037598,12.88103199005127,9.154999732971191,-1.953591227531433,10.068659782409668,10.702282905578613,10.767739295959473,4.06332540512085,6.8356404304504395,-1.8037172555923462,-9.747105598449707,-7.799501419067383,-3.6714303493499756,-3.985556125640869,-3.8637285232543945,3.2423102855682373,17.56751251220703,20.472225189208984,8.07960033416748,6.765615463256836,17.965869903564453,16.13625717163086,12.541187286376953,2.8859896659851074,-3.1386733055114746,-2.355910062789917,-12.990379333496094,-7.775457382202148,2.1756608486175537,10.832727432250977,4.081524848937988,11.417141914367676,17.609291076660156,18.52580451965332,8.174098014831543,6.177007675170898,15.570696830749512,15.941120147705078,5.3102827072143555,0.3477460443973541,-9.21426010131836,-7.751951694488525,-8.726842880249023,-2.454315662384033,0.8858403563499451,10.71379566192627,9.661600112915039,11.032246589660645,16.939926147460938,9.772516250610352,-1.7738063335418701,-10.810990333557129,4.384706974029541,12.901985168457031,5.007941722869873,-0.4182437062263489,-6.133560657501221,-12.28860092163086,-9.900784492492676,3.4263124465942383,7.166662216186523,9.344308853149414,8.16232967376709,7.080643177032471,10.878225326538086,15.249014854431152,-5.693521499633789,-4.761035919189453,-1.4406073093414307,3.3938655853271484,0.8084497451782227,-2.296495199203491,0.3211914896965027,-4.863083362579346,6.033976078033447,9.536491394042969,11.109264373779297,14.596796989440918,20.540725708007812,15.09929084777832,5.848744869232178,5.312878608703613,-7.26435661315918,3.7260453701019287,6.430543422698975,9.326598167419434,5.9805684089660645,1.9150770902633667,5.0163092613220215,7.80684757232666,16.722230911254883,18.21611976623535,18.364227294921875,30.02978515625,33.476844787597656,20.587026596069336,2.3970439434051514,1.2857798337936401,-11.129959106445312,5.012399196624756,21.521615982055664,20.910018920898438,14.076520919799805,19.296493530273438,20.4334659576416,22.963825225830078,18.538240432739258,17.491172790527344,28.559635162353516,31.655473709106445,28.723876953125,19.716814041137695,8.19520092010498,3.1469948291778564,1.0182311534881592,13.981522560119629,26.856435775756836,20.788400650024414,17.30542755126953,22.78540802001953,25.587461471557617,26.133296966552734,25.28093719482422,15.907470703125,26.224271774291992,22.587554931640625,21.910921096801758,16.023794174194336,2.796703338623047,-4.143763065338135,0.42165112495422363,15.932546615600586,22.96001434326172,29.253955841064453,26.036710739135742,22.73733139038086,16.38913917541504,20.27016258239746,19.093385696411133,10.878701210021973,9.30933952331543,9.556783676147461,17.476245880126953,17.97620964050293,2.3982157707214355,-3.5544919967651367,5.197910308837891,16.933561325073242,24.122264862060547,22.064746856689453,19.12559700012207,22.47721290588379,9.241448402404785,5.838563442230225,1.701810598373413,-1.6305241584777832,-2.9734392166137695,-0.24950745701789856,10.113507270812988,11.746492385864258,-0.6832617521286011,-4.435463905334473,0.14401376247406006]}
